,Mean Var,account_value
825953.8230767365,,
837909.6851601716,,
838094.9851479646,,
840270.2058739777,,
842730.2644753571,,
843357.2799401399,,
843748.6672845002,,
844228.7991051789,,
844232.0278954621,,
844610.9290108796,,
845279.9562554475,,
845665.2477135774,,
848953.4613442536,,
852300.3065819856,,
854701.874369156,,
855554.6775765534,,
857786.5773873444,,
857979.305468094,,
858345.8019373455,,
858735.086428177,,
859746.9249596711,,
861438.4931789666,,
862889.1160454865,,
865202.038645279,,
865218.4133706208,,
865244.5460076447,,
866009.0949900189,,
866864.0593514558,,
869399.9550347443,,
869623.4834847566,,
871017.2329021721,,
871038.5382864514,,
871212.7705178376,,
871257.9835076447,,
871382.7769341584,,
871806.6251168366,,
872204.990528349,,
872443.5776772614,,
872673.771247509,,
872825.2560296174,,
872969.1980233308,,
873952.3565316316,,
874039.523348343,,
874166.3461480256,,
874632.0009208947,,
874719.8147988435,,
875135.8014626618,,
875369.6219658967,,
875395.846445572,,
875533.3595405846,,
876866.5492653962,,
877451.6451088219,,
877534.6208138581,,
877900.0928112298,,
878433.4933264294,,
878535.0406954327,,
879023.018785965,,
879210.6303732434,,
880446.3303033371,,
880481.4814095612,,
881628.4998421784,,
881696.5379329949,,
881802.6434290448,,
881835.8065209504,,
881876.7789328137,,
881895.2629891891,,
882410.0296551018,,
882505.6140923615,,
883164.4723458405,,
883535.1565423127,,
884682.439943802,,
884741.6529066601,,
885388.9120065231,,
885829.5981657543,,
887510.0397683639,,
887911.4204506989,,
888534.3770271569,,
889282.670877945,,
890042.373713028,,
890588.5940796166,,
891262.2924599763,,
891570.8164162751,,
892192.4817959099,,
892575.6468864708,,
893708.3323083039,,
895154.7448008099,,
895493.491304886,,
896461.4432091828,,
897179.4016052514,,
897319.7887826081,,
897635.0157052536,,
898651.452379715,,
898829.1151375886,,
899541.0389580842,,
900257.7225147515,,
900420.9567132111,,
900677.5104241486,,
900723.4561878472,,
901400.2085758477,,
901630.563494217,,
901657.0536843796,,
901754.3272053032,,
902424.9270937481,,
902834.2080712434,,
902965.5741007366,,
903232.705295208,,
903562.3020073205,,
904006.4715887146,,
904193.0553918,,
904473.0402542382,,
906038.1336709518,,
906153.8580438156,,
907659.4520498352,,
907909.9569726106,,
908122.0959267732,,
908930.4579949494,,
909589.7968498498,,
910064.1875023957,,
910089.2496148605,,
910403.0661432781,,
910639.2047448274,,
910642.3072015304,,
911023.9490209656,,
911048.2180978317,,
911311.4180872479,,
911958.2990059968,,
911968.7992730256,,
912260.1087118225,,
912491.7471010723,,
912646.0134775677,,
912705.8916421052,,
913313.9048464337,,
914390.809486969,,
915194.0658440705,,
915704.2012601929,,
916436.9920154839,,
917005.8314024048,,
917318.0140938874,,
918076.4774896164,,
918148.357332718,,
918431.1631051559,,
918554.595034134,,
918694.008303177,,
918874.0625187188,,
918992.3585392266,,
919220.1993355866,,
919503.5496026535,,
920423.4586205598,,
920738.9565835114,,
920799.8011098938,,
920870.168522026,,
921284.0914956589,,
921485.8624825593,,
921521.9137426453,,
921728.2677112847,,
921771.1555324822,,
921797.966921341,,
923247.7954506989,,
923365.7894845124,,
923525.9496837883,,
923853.9582992821,,
924128.2244295502,,
924267.9055216351,,
924308.2161126252,,
924558.2597547608,,
924801.9882207947,,
924932.6822762605,,
925691.7514138337,,
926067.3150521774,,
926081.6243615266,,
926141.3717675324,,
926155.0301115551,,
926342.0459474946,,
926799.7443184968,,
926999.0920526047,,
927945.5606161194,,
928155.2851525802,,
928201.2882943269,,
928842.1312010327,,
929064.4058861848,,
929438.055531128,,
929658.0108190613,,
929699.722567093,,
929774.6813551026,,
929961.2964882966,,
930060.433315857,,
930399.7860528488,,
930511.2667657394,,
930817.724695694,,
931322.3474847336,,
931572.4664804001,,
931598.1584207077,,
931616.7170357819,,
931860.9072305221,,
931960.5629770794,,
932080.9222456055,,
932544.6679693299,,
932759.2231256027,,
932795.2914156342,,
932976.0578081646,,
933054.659197342,,
933353.0950891037,,
933400.4715768356,,
933435.3124042779,,
933588.8911096115,,
933721.7656273957,,
934093.538204338,,
934553.4421792146,,
934701.0945534821,,
934898.6105446931,,
935045.3655580903,,
935307.5913643952,,
935822.8275704499,,
935867.4006200867,,
935963.4042965203,,
936018.4786077576,,
936164.0710336227,,
936193.6714120026,,
936633.960987236,,
936757.3723569947,,
936762.7373548584,,
936850.3859077721,,
936931.2818780061,,
937747.1007866975,,
937985.7539483566,,
938216.0810587445,,
938325.2207818147,,
938581.5819250183,,
939170.6569100876,,
939496.0299410248,,
939642.3569451828,,
939936.8581472473,,
940257.0753655549,,
940760.7851835327,,
941132.0533373394,,
941300.3056608277,,
941333.0681816369,,
941336.3418546753,,
941480.5889679223,,
941686.1404529839,,
942350.1925560265,,
942415.1464486237,,
942571.6111413498,,
942862.6023599167,,
942952.410318863,,
943060.1955224533,,
943307.367413147,,
943542.9603811341,,
943593.1469445344,,
943698.6895632172,,
943728.0281014558,,
943771.9757238465,,
943827.727291687,,
944155.1105141755,,
944177.6666837769,,
944245.9548363801,,
944771.3478417512,,
944818.5880752831,,
945013.9000420686,,
945112.5419793244,,
945261.0870815545,,
945326.891219738,,
945349.0676504212,,
945431.2552666779,,
945465.5036653901,,
945621.4773202058,,
945956.5203423615,,
946204.7793542404,,
946243.5653587609,,
946567.0199472943,,
946862.7230562592,,
947010.2189603882,,
947047.202888134,,
947201.4173607941,,
947257.027469101,,
947327.5068475265,,
947520.6796441193,,
947533.4789158135,,
947795.4036098748,,
947821.2872033234,,
947914.6250176545,,
948315.6014291305,,
948387.5574135896,,
948956.1525308151,,
948971.2074333458,,
949552.2715284863,,
950077.9650368806,,
950450.3650509148,,
950581.9133344727,,
950633.9267236252,,
950913.6088204499,,
951231.000957634,,
951354.0570608216,,
951449.0801431198,,
951714.6481728669,,
951891.0136147995,,
951949.3431984215,,
952047.8343148347,,
952122.9175600434,,
952143.0820870515,,
952187.6051755982,,
952190.3077508468,,
952357.7608740368,,
952420.2845193405,,
952512.3887411194,,
952679.3395638581,,
952849.4881721764,,
953361.3617891694,,
953364.1586114425,,
953518.3540597077,,
953644.6480385094,,
953756.6137424737,,
954319.4119836349,,
954346.2281670686,,
954534.6256424218,,
954682.8376412507,,
955117.758883011,,
955208.5355917054,,
955513.6519204635,,
955776.955530655,,
955790.1843438264,,
956118.5214134484,,
956415.3670754548,,
956505.6475640793,,
956628.4268838424,,
957284.7420159836,,
957354.9105798263,,
957356.0603490906,,
957737.4691511231,,
957757.7832818147,,
957940.2795736828,,
958079.8012348443,,
958111.927569809,,
958242.4939934044,,
958323.2701592561,,
958438.3156777878,,
958456.6163362885,,
958511.1292916794,,
958725.4773446579,,
958760.9090829011,,
958877.959942009,,
959284.4154697686,,
959472.2204757958,,
959491.1503788262,,
959522.5155214692,,
959683.733339798,,
959713.6750435944,,
960053.6907540817,,
960148.1037935639,,
960168.9529720574,,
960411.4203149338,,
960499.8166748314,,
960525.657245102,,
960661.1673852463,,
960665.3114744263,,
960790.1203628808,,
960871.5467048913,,
960878.6998009797,,
960879.2267763653,,
960947.9361154098,,
961063.590762558,,
961262.7763390656,,
961517.3306085129,,
961614.1307946701,,
961628.0082589645,,
961715.7962212678,,
961776.4209425488,,
962064.7215248375,,
962189.493258011,,
962443.284096344,,
962551.1419845849,,
962889.4974999543,,
963197.6034035798,,
963213.1342653657,,
963256.0351568299,,
963891.4852386742,,
964051.0105614777,,
964054.8279214021,,
964196.6439783612,,
964266.0392488862,,
964445.2803002853,,
964546.5221215744,,
964681.2233156586,,
964781.1358742829,,
964805.5756933728,,
964821.7695580978,,
965687.9353051301,,
965696.7879052277,,
965894.0029388695,,
965905.8149992066,,
966171.07929385,,
966218.9858574982,,
966478.6949495698,,
966666.0341439362,,
966818.056551468,,
967095.1381984978,,
967440.2298684235,,
967452.0856194611,,
967454.7489511032,,
967812.6600527192,,
967980.1047539826,,
968076.0860467072,,
968085.7979912873,,
968143.711679947,,
968204.083933365,,
968311.7209801789,,
968409.4721398469,,
968487.651345852,,
968489.2974411278,,
968761.0596734543,,
968929.4607033845,,
969079.2167534943,,
969133.5998226433,,
969274.689287674,,
969394.4595064545,,
969561.8942457276,,
969798.0037885742,,
970264.4275709229,,
970280.8323150902,,
970319.1283227463,,
970374.5968286819,,
970429.5907980042,,
970879.0960106965,,
970920.9486421967,,
971005.9071602937,,
971126.7832757492,,
971376.8213125305,,
971486.9117166061,,
971806.7043091088,,
971975.8516259309,,
972005.0154873162,,
972072.4662929802,,
972086.5810552674,,
972155.6744729538,,
972177.2506136323,,
972221.4804415131,,
972411.3464046746,,
972440.2346231003,,
972603.4912514802,,
973070.4599337006,,
973300.0949044343,,
973414.8073000336,,
973431.1762566682,,
973483.6527992516,,
973536.1329080124,,
974017.0711617585,,
974203.0240206147,,
974263.1119112397,,
974458.9749483491,,
974600.9685387727,,
974721.9312249679,,
974789.8864770051,,
974898.45798732,,
975359.3808609276,,
975598.0999532776,,
975650.4627480622,,
975749.8834701806,,
975774.0084939118,,
975909.0881820946,,
976007.8999056245,,
976197.3004183198,,
976217.879107895,,
976237.8862039108,,
976387.7329897309,,
976721.8255821496,,
976899.6707635041,,
976904.7226616173,,
976953.9966005707,,
977042.5514092561,,
977101.2316681176,,
977308.9837136384,,
977310.7828256149,,
977457.9712272912,,
977621.5366326828,,
977699.4181252975,,
977849.230883133,,
977878.5585595627,,
978015.783617508,,
978085.9690889741,,
978134.1065713424,,
978295.0126977082,,
978304.6616463776,,
978382.2761568452,,
978460.2182737427,,
978642.7693368454,,
978730.0029217034,,
978803.5873894807,,
978947.6453624993,,
978961.5407186585,,
979105.9950509187,,
979146.872164261,,
979178.9024927655,,
979220.8748899536,,
979291.9309884567,,
979451.613670929,,
979472.1673122674,,
979530.2559664288,,
979558.0701012727,,
979583.3195440808,,
979653.1722604294,,
979725.7280153657,,
979861.5410180207,,
979981.9345403748,,
980062.1200071411,,
980134.6274682541,,
980164.4412331696,,
980204.7064995881,,
980252.5779958802,,
980385.1812826233,,
980407.6060830612,,
980475.6026186371,,
980691.942942154,,
980833.9424172897,,
980932.0499138947,,
980971.9396864014,,
981212.5294424134,,
981215.5396981355,,
981229.3726541061,,
981263.3302728195,,
981469.275112297,,
981476.3283562775,,
981514.5560860749,,
981679.6305662232,,
981823.5441557007,,
981888.3519921418,,
982067.2820774346,,
982126.7092052727,,
982349.8478332787,,
982521.5550876885,,
982648.386339676,,
982756.4472557335,,
982775.5744176941,,
982820.7112832185,,
982961.7764535066,,
982971.5082192536,,
983047.5342583772,,
983066.1205407638,,
983184.5235363274,,
983278.791971695,,
983287.154963028,,
983364.9776846009,,
983420.6771578217,,
983486.5823704033,,
983492.1246523286,,
983842.0537606735,,
983876.9259286042,,
983938.4854912873,,
983955.7237420197,,
983996.9401022034,,
984057.222176178,,
984057.5518304367,,
984066.1635689851,,
984068.4195885774,,
984274.9745041161,,
984297.2957955856,,
984368.7778665085,,
984386.939754631,,
984402.1697335358,,
984466.7014504928,,
984570.7323250886,,
984621.7337594148,,
984657.1743948498,,
984704.7817498703,,
984832.5637604027,,
984943.8297982331,,
984948.1743807221,,
985044.7297158357,,
985088.4568139572,,
985259.7891174584,,
985346.0219606782,,
985421.6289383202,,
985514.2472664147,,
985572.0609070092,,
985745.2515264588,,
985767.3930993195,,
985894.1086220857,,
985996.5309177666,,
986005.994869812,,
986093.4215569611,,
986175.8637583827,,
986220.0456124801,,
986309.0181466598,,
986367.7040020257,,
986493.8931785851,,
986538.1326907253,,
986636.1119256135,,
986655.7941395073,,
986675.8963782273,,
986868.355820282,,
987026.4249978181,,
987096.3426385041,,
987211.2378420258,,
987533.2644464035,,
987592.6873650666,,
987803.0225625153,,
987873.1117550164,,
987943.7921258468,,
987969.7494149323,,
988002.456253294,,
988191.6861605073,,
988296.5599633713,,
988306.3473085786,,
988347.2205239792,,
988540.4725610275,,
988545.1797365571,,
988562.8084206696,,
988838.4749779816,,
989028.8231148835,,
989156.5905794526,,
989173.9206575776,,
989188.5530495759,,
989217.2902864838,,
989231.1871895905,,
989417.7334839135,,
989514.9525170441,,
989585.3034157868,,
989656.1135430451,,
989723.0005074997,,
989752.1906151887,,
989766.1267724152,,
989798.1811639328,,
989799.9994158179,,
989875.6781884689,,
989957.3889843255,,
989981.4356924134,,
990033.2175478364,,
990076.75120784,,
990077.7376896172,,
990108.4291039963,,
990122.9574777145,,
990152.05879451,,
990170.9762148286,,
990252.1218162804,,
990262.1487154389,,
990369.9369988557,,
990491.1148372918,,
990520.4734749909,,
990570.9294925957,,
990601.5955987092,,
990644.5705514069,,
990679.4297814484,,
990750.9135969855,,
990754.9092554023,,
990755.0748403785,,
990797.5342065353,,
990835.0405678864,,
990843.053859356,,
990947.9551720734,,
990965.6820031662,,
990982.4928190747,,
991023.1067930298,,
991147.236084168,,
991151.9119126135,,
991162.2493707199,,
991285.893951508,,
991297.0873219762,,
991403.2813897248,,
991415.4400650292,,
991511.1973377495,,
991533.7397190362,,
991578.0956807104,,
991583.0753608971,,
991599.5688745041,,
991628.6226601262,,
991639.9669900056,,
991642.4427473583,,
991647.8781054539,,
991667.3690756537,,
991685.0028956508,,
991694.5922933655,,
991697.0985445405,,
991708.1737600403,,
991716.4815336462,,
991781.4097939987,,
991826.3657937165,,
991829.8219238549,,
991839.2926456609,,
991840.5607781525,,
991900.582720719,,
991941.8912632299,,
991942.5179687768,,
991943.0062905807,,
991965.4063897248,,
991984.7317849655,,
992006.6302969214,,
992032.5539470373,,
992113.9951364059,,
992117.6234238438,,
992124.0118712162,,
992137.6430135804,,
992216.9053279118,,
992217.3278765874,,
992248.6680978703,,
992278.3733049474,,
992314.8424011498,,
992316.3051188206,,
992360.4419327244,,
992365.0679014287,,
992397.5106998711,,
992522.4866448898,,
992559.6265663914,,
992682.2797039342,,
992766.9639306184,,
992782.1718937188,,
992793.3061028976,,
992803.2792263036,,
992823.5899376984,,
992845.3855296941,,
992853.5051461715,,
992883.1181144872,,
992920.5799314734,,
992948.6168265233,,
993079.502520722,,
993107.3129531256,,
993122.1326174164,,
993138.8719415441,,
993179.931552353,,
993210.6606011506,,
993214.7024483796,,
993240.2172666626,,
993247.8084074712,,
993256.7038796545,,
993302.425212921,,
993312.8922248692,,
993326.4706368562,,
993329.7908637243,,
993336.2391686555,,
993404.8167290803,,
993447.7658157353,,
993511.0687155614,,
993515.4617471922,,
993520.9631782988,,
993520.9841332551,,
993632.815202973,,
993723.9617744298,,
993759.1474862214,,
993781.614194016,,
993824.1695941166,,
993824.6022777258,,
993863.5982984928,,
993889.1390864409,,
993938.5970773011,,
993960.0426117211,,
993965.3093948216,,
993972.9139793095,,
994022.5280739098,,
994024.2037606355,,
994088.6851459771,,
994116.6461731225,,
994118.5073037263,,
994155.0648291149,,
994163.9547104796,,
994230.9974245453,,
994231.454042677,,
994250.4256636505,,
994260.4855768719,,
994281.7225437321,,
994311.4206243592,,
994323.0907029728,,
994325.5915151673,,
994332.9588700255,,
994336.2223552861,,
994346.8826440581,,
994378.4363447266,,
994405.7182480126,,
994446.522962799,,
994488.1661248322,,
994502.0872422636,,
994531.6348644104,,
994589.4436220551,,
994602.9837738305,,
994604.3994570769,,
994623.2762291569,,
994640.0610888576,,
994652.4961459502,,
994690.8529485625,,
994746.4874631043,,
994768.2380202337,,
994779.752443802,,
994794.4560433883,,
994802.0512214928,,
994813.0869574585,,
994845.4626955414,,
994849.834491638,,
994856.7530251999,,
994867.9264370232,,
994880.3112492218,,
994883.0943123472,,
994886.8140175475,,
994888.5183700718,,
994897.0794240877,,
994906.6731847386,,
994920.0596301573,,
994933.9535088654,,
994939.436491333,,
994986.5793173885,,
994999.7173375703,,
995017.6802732395,,
995029.2218186338,,
995049.487243164,,
995059.1798644562,,
995103.2584234314,,
995126.3100503082,,
995128.5715260467,,
995202.1314544377,,
995244.5780006866,,
995300.0344617004,,
995315.0247456358,,
995319.3627157597,,
995320.8040810698,,
995324.0720024719,,
995339.1816755371,,
995353.2595149992,,
995354.3499992829,,
995371.1951410673,,
995382.8978545226,,
995403.1097681738,,
995411.7910181276,,
995419.1735373688,,
995427.436802826,,
995453.9310112916,,
995471.9754967805,,
995499.2606903687,,
995506.0266566924,,
995522.3071363829,,
995536.7194343834,,
995588.2668783569,,
995596.2146188278,,
995626.968032974,,
995631.4405561524,,
995634.7343787535,,
995709.0452963256,,
995719.0034328154,,
995749.0808921661,,
995764.0110832977,,
995767.1487603303,,
995776.3182188421,,
995801.3776872862,,
995812.0674490967,,
995819.3171915893,,
995832.3714575652,,
995840.7208412627,,
995842.006835724,,
995878.9314399987,,
995883.8787041474,,
995928.4575972747,,
995967.1911943511,,
995994.3766090393,,
996012.49572402,,
996045.6260781256,,
996065.9444595604,,
996086.1507600104,,
996086.7232919767,,
996092.6515627898,,
996118.6733153838,,
996132.7004790956,,
996159.7661620942,,
996162.6953310546,,
996167.0316949006,,
996169.9356986848,,
996182.3035223692,,
996183.6143735505,,
996186.9636178132,,
996206.3212365111,,
996207.0256768722,,
996211.2349621125,,
996215.7184454195,,
996218.5344364778,,
996223.9641925505,,
996238.3808090056,,
996320.7850479584,,
996321.0955101473,,
996326.2184054109,,
996326.8260649723,,
996379.2137924955,,
996388.0602078552,,
996415.5224770514,,
996416.817741287,,
996454.4872933883,,
996458.9129771269,,
996470.3326519317,,
996486.9892703863,,
996503.4754281159,,
996520.6473571624,,
996543.1463479766,,
996550.9183793181,,
996607.9940166778,,
996625.3289042357,,
996631.0883893586,,
996637.9341536257,,
996640.2734134673,,
996640.7254605106,,
996674.7261463433,,
996679.9646475224,,
996698.7499261018,,
996703.4553767549,,
996706.0798708342,,
996706.7266498833,,
996730.2483014831,,
996730.3769341965,,
996759.7462545471,,
996784.2944451828,,
996799.4489963227,,
996799.85168853,,
996809.7262887266,,
996812.486431076,,
996814.5342666778,,
996820.0203736419,,
996821.3819662171,,
996835.8289529342,,
996857.7268574984,,
996862.9602242965,,
996864.6329952508,,
996867.1372543602,,
996867.19524263,,
996873.6107018285,,
996877.243887924,,
996883.1661504217,,
996897.7145044842,,
996908.4625883638,,
996918.183429863,,
996934.9964338074,,
996950.6222607268,,
996958.415704987,,
996967.6586462097,,
996974.8904807745,,
996993.7381179199,,
996996.4314087372,,
997020.800075577,,
997024.5741334228,,
997027.010734436,,
997045.6948797759,,
997057.2457993927,,
997063.2073265992,,
997082.6511575775,,
997086.0766993107,,
997087.8882057953,,
997088.1967999728,,
997122.2759199982,,
997136.2507101136,,
997163.0254827733,,
997174.1551028899,,
997175.722265885,,
997175.8173567358,,
997182.0560469358,,
997188.6720472412,,
997208.661623856,,
997210.1108089909,,
997217.2235867771,,
997221.9946516874,,
997255.763772919,,
997259.0884450378,,
997259.7892228849,,
997266.2642636261,,
997268.2336150054,,
997275.2735899664,,
997289.4571685642,,
997298.0002940672,,
997346.6789600677,,
997350.973053955,,
997351.3476932066,,
997364.4621709294,,
997373.1443748173,,
997384.2205015259,,
997400.8937269591,,
997417.1317013857,,
997423.1127651671,,
997433.1368190005,,
997444.5659585114,,
997453.6928554078,,
997454.7265810395,,
997455.0594142608,,
997480.5502334862,,
997489.6236981809,,
997508.4826989748,,
997514.3105588531,,
997516.7049956056,,
997516.8973322908,,
997524.0124980466,,
997532.3647460631,,
997539.0836859129,,
997544.9297527311,,
997546.6021049505,,
997575.2464486618,,
997577.1479415587,,
997584.4259988327,,
997605.0454738466,,
997619.0379591222,,
997629.2956564943,,
997631.2039076689,,
997634.4257574616,,
997642.8082864074,,
997651.1694092718,,
997673.0412328189,,
997685.523588104,,
997686.849444809,,
997704.0474489596,,
997723.8109023742,,
997744.8488189852,,
997790.763735947,,
997806.4249307174,,
997843.5878253327,,
997863.111292511,,
997926.1784668888,,
997926.7434202271,,
997933.3536095734,,
997959.7679610598,,
998039.7575515443,,
998054.7194283755,,
998060.1190877685,,
998076.9403577882,,
998079.9752740785,,
998090.6452193911,,
998108.5385611629,,
998120.0522866364,,
998128.4333103944,,
998130.4944033051,,
998142.6045001986,,
998150.150124176,,
998167.2427773591,,
998176.5303783724,,
998179.6263093109,,
998196.8970734099,,
998198.5920983427,,
998202.9886803742,,
998206.2805785983,,
998223.3036361694,,
998241.474126709,,
998245.6762170561,,
998245.7781852722,,
998258.1929005737,,
998298.8622160947,,
998304.7788457338,,
998313.695084198,,
998350.4472069856,,
998351.0216634981,,
998353.652259472,,
998364.0255603178,,
998377.7793133853,,
998400.6616190185,,
998418.6305889284,,
998434.4942648449,,
998440.7700655975,,
998472.4804429628,,
998474.1568570251,,
998480.545632431,,
998485.7016403044,,
998491.9809153749,,
998496.0177764893,,
998499.697197022,,
998505.4892493746,,
998517.3492494505,,
998531.4744835205,,
998539.1487668764,,
998560.1439241488,,
998560.5198875429,,
998590.3075496523,,
998607.4021066284,,
998611.1938805695,,
998625.1575003966,,
998644.9329061128,,
998650.7824366455,,
998699.9350472414,,
998706.9518609162,,
998712.6162520447,,
998713.2332787629,,
998734.5018850403,,
998743.8862643128,,
998760.9100111543,,
998763.5131785586,,
998774.8395043869,,
998807.5333820494,,
998818.2994551085,,
998822.3502543034,,
998825.5675422819,,
998827.1003194886,,
998865.9558340149,,
998880.4626332091,,
998888.0349906159,,
998889.6938484807,,
998903.8636777196,,
998932.4865776976,,
998938.7753634796,,
998955.6535573732,,
998969.117113678,,
998970.9458244169,,
998983.312419052,,
999058.8333946535,,
999059.2148230114,,
999061.5068336754,,
999084.448587906,,
999094.4058235319,,
999105.3176369782,,
999115.6163519598,,
999117.8511577874,,
999149.7378444369,,
999162.7529471739,,
999179.84060054,,
999193.5335518034,,
999198.2358356481,,
999236.062094696,,
999261.2901223754,,
999263.8056173399,,
999269.310470932,,
999270.2157865601,,
999273.4536918028,,
999274.0902749557,,
999278.8636772612,,
999317.678505905,,
999321.7010418394,,
999324.017528076,,
999324.8654470518,,
999326.4214906465,,
999327.0439284209,,
999335.3904752653,,
999338.7125338896,,
999346.1161434934,,
999359.1490282896,,
999368.4048301238,,
999373.7799534758,,
999379.9590482176,,
999442.3849429167,,
999446.4739785307,,
999450.522172653,,
999460.1611414488,,
999466.1793285062,,
999470.6421220243,,
999475.9505480193,,
999479.3101576994,,
999488.1458936768,,
999495.6613871916,,
999499.9365515745,,
999506.4672570344,,
999512.4967809754,,
999525.0545169524,,
999530.7370742186,,
999533.1803094406,,
999533.816521042,,
999544.2691341551,,
999545.481788925,,
999556.4948807677,,
999562.3727776795,,
999567.5785098878,,
999568.6634384459,,
999569.7444930113,,
999585.0492861784,,
999595.0545014803,,
999598.6736513975,,
999605.3323691463,,
999614.2195097808,,
999634.900749619,,
999636.0902721711,,
999640.7766061098,,
999645.6877404709,,
999648.7724874571,,
999652.3272001799,,
999674.0228344115,,
999688.4562502898,,
999712.242356613,,
999718.8949006499,,
999720.6076089401,,
999721.9327300567,,
999725.0784884641,,
999725.2123533326,,
999740.9475366514,,
999748.3367577972,,
999750.1667241057,,
999757.9955153809,,
999761.0936397557,,
999765.9414010925,,
999773.0096441346,,
999777.5109673463,,
999780.4210520171,,
999794.9535947876,,
999795.4490140685,,
999806.5853874665,,
999810.2639335785,,
999815.8956614531,,
999840.030742157,,
999860.531665268,,
999861.5908450468,,
999862.0894112702,,
999873.1699357146,,
999882.3150232848,,
999886.9294483338,,
999899.4203054503,,
999900.3300396233,,
999931.9341912383,,
999934.3995535888,,
999936.3336189726,,
999938.4021858213,,
999941.469092453,,
999943.5415506597,,
999961.864596222,,
999988.7850714263,,
999988.8659148864,,
999990.0862305145,,
999994.9977303314,,
999995.3976285706,,
999997.2321225432,,
1000000.0,,
1000000.4557179718,,
1000001.007256012,,
1000007.538849884,,
1000012.6950831146,,
1000016.2467328644,,
1000019.0505968018,,
1000022.7159588776,,
1000023.9298939665,,
1000037.096097885,,
1000040.5523941651,,
1000042.1704329071,,
1000043.5972532806,,
1000044.0970650177,,
1000048.5681392517,,
1000052.1890989684,,
1000052.5245416412,,
1000053.8074868317,,
1000063.2044707794,,
1000064.3251742402,,
1000070.245111496,,
1000072.2508505096,,
1000083.8455650024,,
1000086.9531587983,,
1000087.0021473083,,
1000091.1722617035,,
1000091.4005094606,,
1000091.6058781891,,
1000099.5742028046,,
1000101.0082073974,,
1000101.1052048949,,
1000102.7968234863,,
1000104.7086224365,,
1000108.3504220275,,
1000109.279378006,,
1000109.2978218078,,
1000110.6166558381,,
1000115.2006645355,,
1000120.1522898864,,
1000125.5280824432,,
1000132.2806070251,,
1000137.626013443,,
1000139.0075203552,,
1000139.8011432195,,
1000147.6470172729,,
1000162.0099989776,,
1000176.2102518767,,
1000178.1407772332,,
1000178.514919876,,
1000202.7258387604,,
1000220.8482481079,,
1000222.7977913053,,
1000238.2492785952,,
1000267.9189049035,,
1000284.5778945623,,
1000299.7383651125,,
1000322.8790042571,,
1000333.2030282136,,
1000348.4413418119,,
1000360.3928200682,,
1000401.1913162499,,
1000432.5004313564,,
1000451.9168494319,,
1000464.1974495542,,
1000468.9407144014,,
1000485.2244207768,,
1000508.6030479699,,
1000517.5272700804,,
1000530.8624361119,,
1000545.2100825505,,
1000579.0295741118,,
1000583.6624044802,,
1000633.3903237839,,
1000644.5256845016,,
1000676.3256875534,,
1000681.6995002897,,
1000762.1526087496,,
1000771.3076440353,,
1000784.0067015231,,
1000868.3966144102,,
1000933.1694019964,,
1000954.6913781281,,
1000974.4275293734,,
1001081.9961733246,,
1001114.406955185,,
1001142.692904007,,
1001246.0022829592,,
1001250.3258547211,,
1001275.8323991087,,
1001342.4967522736,,
1001350.9231107488,,
1001430.3995909117,,
1001473.5600152131,,
1001495.2104681242,,
1001505.2034003604,,
1001538.2871200561,,
1001547.1480070191,,
1001547.2799903869,,
1001549.6722451706,,
1001551.2175419462,,
1001555.9311422233,,
1001604.4964695589,,
1001605.7028518944,,
1001617.7812692184,,
1001623.4030987053,,
1001652.9901586309,,
1001688.7880592346,,
1001693.9418818209,,
1001742.388620865,,
1001750.5396349031,,
1001778.8685471959,,
1001781.8309748381,,
1001823.5720869141,,
1001868.9735055085,,
1001950.8708366094,,
1001982.8419137116,,
1002002.2930532532,,
1002029.2586551934,,
1002068.8507990268,,
1002115.3960734251,,
1002125.0211502531,,
1002138.8532425194,,
1002192.6897759554,,
1002215.17836726,,
1002219.4186288376,,
1002228.5169874268,,
1002245.2239251252,,
1002344.8573571701,,
1002433.3756829757,,
1002460.9945963133,,
1002501.698160919,,
1002539.2754255371,,
1002543.0359308627,,
1002556.594218918,,
1002643.475847687,,
1002667.7511955529,,
1002672.032998684,,
1002685.8770697325,,
1002763.1778242626,,
1002814.692746094,,
1002818.9767318993,,
1002820.008967758,,
1002821.4009830017,,
1002842.8394132691,,
1002876.4635908812,,
1002886.2795501977,,
1002889.1394369773,,
1002924.0424720922,,
1002925.0717451611,,
1003056.5431509551,,
1003083.7905117491,,
1003105.6856764223,,
1003110.96139003,,
1003125.234224615,,
1003175.6384301301,,
1003195.4409965972,,
1003243.8701554262,,
1003263.3798124829,,
1003273.5704073334,,
1003347.3340965539,,
1003441.4226738244,,
1003474.4863191532,,
1003519.8273266454,,
1003528.0833030968,,
1003561.2951052709,,
1003578.569580826,,
1003632.6068825229,,
1003650.9244485017,,
1003654.0832482834,,
1003693.6394677277,,
1003730.9224334984,,
1003752.2762026829,,
1003758.9648209685,,
1003787.2155336762,,
1003799.8259628142,,
1003827.071888962,,
1003839.4788247604,,
1003878.1512026215,,
1003918.0741708528,,
1003945.4980471706,,
1004067.7583360596,,
1004086.792225029,,
1004090.5291607061,,
1004127.6021996994,,
1004149.295817974,,
1004174.0889535066,,
1004182.386440857,,
1004218.820514145,,
1004253.5079809265,,
1004253.6695978239,,
1004297.2693963166,,
1004319.276826706,,
1004385.3559450532,,
1004387.4166602634,,
1004403.9818177184,,
1004405.4548684616,,
1004417.9241262513,,
1004427.366153961,,
1004442.1529098973,,
1004444.0493966598,,
1004513.2439302827,,
1004553.171848442,,
1004633.8900557406,,
1004649.4648665773,,
1004680.6831353303,,
1004682.7221255192,,
1004716.8934920406,,
1004784.1685372848,,
1004810.646004303,,
1004810.9160496026,,
1004825.6927209016,,
1004841.4763131257,,
1004851.2291122704,,
1004859.8628622132,,
1004864.1118932801,,
1004878.3689848023,,
1004897.3087657171,,
1004914.1673623581,,
1004938.3998629759,,
1004974.6558042603,,
1004988.505325089,,
1004998.7598934483,,
1005025.305908783,,
1005054.9176199955,,
1005065.6054057005,,
1005074.9237104492,,
1005090.6366057744,,
1005179.436170944,,
1005189.685092392,,
1005203.1743246155,,
1005237.8330156842,,
1005253.347196381,,
1005281.1220291288,,
1005326.1896053624,,
1005328.8674968109,,
1005336.0602086181,,
1005411.1154826357,,
1005411.3251529696,,
1005456.7605352629,,
1005466.8597923131,,
1005489.2590371628,,
1005500.1287576145,,
1005505.7539291991,,
1005506.7655004734,,
1005533.0306936341,,
1005544.9883925938,,
1005552.3661309355,,
1005562.6487232664,,
1005577.9542393953,,
1005596.2471051794,,
1005627.3769146579,,
1005631.3767329564,,
1005670.6333773175,,
1005683.3164544221,,
1005701.1242289738,,
1005760.3551679688,,
1005763.5909676667,,
1005776.5424837495,,
1005813.29027385,,
1005850.1874189457,,
1005873.5914709166,,
1005896.4558358308,,
1005920.5792105716,,
1005958.2391549606,,
1005968.3343235283,,
1005970.6655084152,,
1005983.0405306245,,
1006007.684265379,,
1006057.7623461608,,
1006070.2721442262,,
1006134.937222107,,
1006143.2906526948,,
1006174.182495697,,
1006177.4927917748,,
1006180.8034326095,,
1006203.6978628086,,
1006222.4161553498,,
1006233.435064558,,
1006251.2608022006,,
1006308.6053248292,,
1006314.2921049633,,
1006361.3588755169,,
1006427.204999569,,
1006482.7458530124,,
1006497.7542382736,,
1006566.1355538483,,
1006636.124079239,,
1006644.3171583252,,
1006773.7193261642,,
1006810.782459404,,
1006841.8019501,,
1006854.8974801559,,
1006875.1554757614,,
1006940.135355238,,
1006949.5936318893,,
1006953.6924062805,,
1006961.1539500431,,
1007012.7458547825,,
1007018.2248159485,,
1007064.6234051018,,
1007071.7191927471,,
1007076.135408585,,
1007163.2488519211,,
1007182.2679788131,,
1007194.820625885,,
1007239.5317353519,,
1007302.7182259675,,
1007322.7109102631,,
1007350.0795769807,,
1007356.4588568782,,
1007359.3080324555,,
1007365.7738500672,,
1007407.3732572941,,
1007473.8333707886,,
1007489.8858333855,,
1007491.1066469575,,
1007521.1214109497,,
1007586.6251031418,,
1007612.4050408859,,
1007806.6393923188,,
1007807.410835846,,
1007810.8478142052,,
1007947.4829336243,,
1008091.7373315353,,
1008187.9287839966,,
1008264.7976418991,,
1008349.3777193452,,
1008370.6554161339,,
1008404.2897073288,,
1008435.5616570968,,
1008445.4061809807,,
1008446.8776527672,,
1008495.0131345826,,
1008514.9950754681,,
1008617.2269369202,,
1008685.8150216598,,
1008690.4138452072,,
1008710.0490975495,,
1008719.3500744133,,
1008793.599079277,,
1008807.9899484176,,
1008878.5284304047,,
1008888.5089058991,,
1008966.0418664474,,
1008985.093586113,,
1009086.4637261886,,
1009165.0028268356,,
1009174.3858397045,,
1009182.4922987061,,
1009202.6665224457,,
1009285.0872689743,,
1009316.115987423,,
1009441.0886880417,,
1009457.441377285,,
1009466.5581240082,,
1009473.9038201828,,
1009547.8814577485,,
1009609.0951418305,,
1009651.6547580987,,
1009698.2719379693,,
1009904.861539486,,
1009958.7116094666,,
1009975.5546670075,,
1010057.1718441277,,
1010069.3181328889,,
1010070.6598848725,,
1010071.5626863862,,
1010119.6924062805,,
1010125.6684975739,,
1010143.7684208184,,
1010206.5544991608,,
1010285.205101593,,
1010340.5708123703,,
1010362.4936251069,,
1010401.6238991051,,
1010440.1627077485,,
1010533.1594139367,,
1010537.5171541596,,
1010606.6767116814,,
1010647.9606133957,,
1010696.5390516358,,
1010785.8183465119,,
1010817.1857970332,,
1010871.2021162548,,
1010942.560382988,,
1011171.2243005295,,
1011172.60031456,,
1011206.516422514,,
1011236.0584527511,,
1011239.6820757427,,
1011282.8327070313,,
1011430.647037651,,
1011451.3644830246,,
1011522.2056237716,,
1011529.8016935425,,
1011548.776600029,,
1011557.8895247021,,
1011655.3335586815,,
1011657.4420815964,,
1011726.5250725861,,
1011769.3717609673,,
1011790.3789554863,,
1011832.1371881027,,
1011899.3113914757,,
1011921.4966463471,,
1012069.6088372726,,
1012106.6916536713,,
1012113.8316155929,,
1012219.8701974411,,
1012226.735089901,,
1012251.4696465988,,
1012264.5173132458,,
1012280.4698891755,,
1012437.8433538513,,
1012523.1151968079,,
1012533.0193972016,,
1012552.7979921723,,
1012736.0775789643,,
1012771.8399774093,,
1012834.9897951508,,
1012877.4013464489,,
1012877.4705889263,,
1012880.9188848572,,
1012971.9960214157,,
1013006.8026640987,,
1013154.1252332764,,
1013164.6948092022,,
1013175.1578947144,,
1013268.9893288728,,
1013273.8591805954,,
1013275.3303342896,,
1013409.5570260544,,
1013552.2838937301,,
1013605.64328331,,
1013611.1665350037,,
1013660.1451906586,,
1013691.638763073,,
1013721.9318575287,,
1013726.530429985,,
1013761.2087980347,,
1013773.3833242493,,
1013902.4279198762,,
1013991.6281171875,,
1014007.5416008263,,
1014021.0156751709,,
1014066.607547226,,
1014100.108692749,,
1014117.7380605774,,
1014138.0033296967,,
1014150.2268868942,,
1014165.7954980392,,
1014178.6224714356,,
1014200.4545175094,,
1014218.654306057,,
1014317.4306215668,,
1014403.6171461182,,
1014438.8271232873,,
1014549.8130059357,,
1014607.6951337891,,
1014732.0808145065,,
1014793.9042287903,,
1014795.7370716362,,
1014841.8870507736,,
1014928.911654007,,
1015106.3124658127,,
1015207.9119278222,,
1015245.7818494873,,
1015256.2668184662,,
1015348.1567341118,,
1015388.0564455414,,
1015566.7679476166,,
1015573.5878158837,,
1015602.8090873986,,
1015782.0362817306,,
1015799.8775277253,,
1015824.6268430786,,
1015827.9360319214,,
1015837.3839144135,,
1015924.0646089936,,
1015986.8063427239,,
1016232.3540612716,,
1016298.5614199067,,
1016323.8299824029,,
1016324.4767872124,,
1016363.110583725,,
1016398.5410348434,,
1016430.0354276734,,
1016435.4190706635,,
1016441.8272805329,,
1016485.8788076477,,
1016514.9771782189,,
1016517.8528292218,,
1016527.6437078553,,
1016669.8346754151,,
1016677.9427675629,,
1016691.9471584588,,
1016693.1231881637,,
1016739.6066613313,,
1016770.769366684,,
1016793.4193841476,,
1016838.3902315522,,
1016847.9331552048,,
1017063.5881553917,,
1017125.2578283387,,
1017212.265171196,,
1017510.4488585034,,
1017515.669515255,,
1017575.3671117859,,
1017721.8949638634,,
1017742.9724346428,,
1018036.1808358688,,
1018188.2142139702,,
1018389.6354347497,,
1018435.354510727,,
1018527.0104299622,,
1018612.6821252365,,
1018822.8106560822,,
1018857.6124960022,,
1018869.6308321381,,
1018937.39378685,,
1018953.0220980073,,
1018968.2122617798,,
1018985.4582857514,,
1019101.9233185082,,
1019156.7799704113,,
1019185.1793915062,,
1019205.8234598675,,
1019206.3753893947,,
1019223.9599947358,,
1019247.9182036495,,
1019260.9523653412,,
1019265.5916475678,,
1019269.3892693635,,
1019288.5303503113,,
1019332.2466317673,,
1019354.4376549836,,
1019427.8017153168,,
1019439.8279911309,,
1019764.0325790673,,
1019807.3349500733,,
1019873.5775511836,,
1019996.4878218746,,
1020007.8042465477,,
1020032.7504457856,,
1020183.4515633698,,
1020220.8640786667,,
1020339.1844658967,,
1020358.2443566438,,
1020397.525402649,,
1020423.246397314,,
1020686.6086068269,,
1020750.5610314865,,
1020806.2870904465,,
1020895.5347939987,,
1020933.9195190697,,
1021188.7345596581,,
1021215.6988531189,,
1021277.0660644799,,
1021519.1562081833,,
1021655.8952830409,,
1021738.3159767418,,
1021816.7730905075,,
1021923.7492386132,,
1022006.7152038842,,
1022064.8589499035,,
1022079.5359862422,,
1022413.8051949997,,
1022811.4994146862,,
1022826.798348053,,
1022934.631778183,,
1023062.2608457642,,
1023138.9599815636,,
1023296.2589470177,,
1023400.0431863327,,
1023448.3334847946,,
1023488.6534151459,,
1023837.4211000825,,
1023961.9536019821,,
1024091.5632864075,,
1024151.2123053112,,
1024358.3534578705,,
1024435.5397659569,,
1024637.4191171188,,
1024662.062335434,,
1024702.7723127442,,
1024725.493686821,,
1024822.3631014252,,
1024871.8327669526,,
1024918.81465477,,
1024951.097567978,,
1025052.7272371674,,
1025081.037372734,,
1025214.4617058068,,
1025245.5697978114,,
1025529.3794900436,,
1025628.261226799,,
1025642.0045037385,,
1025832.4106561203,,
1025832.7865126705,,
1025972.0690499801,,
1026070.7294411774,,
1026102.0693392182,,
1026233.2579615155,,
1026419.8212396164,,
1026508.144542839,,
1026533.5678983765,,
1026547.5464815522,,
1026552.1017946625,,
1026745.1963381196,,
1026855.662523758,,
1027141.2594225445,,
1027190.8480535584,,
1027266.838807705,,
1027274.733930233,,
1027341.1422762299,,
1027341.6959192791,,
1027379.8081545258,,
1027391.6500555115,,
1027502.2803328609,,
1027547.3208468532,,
1027551.4776235657,,
1027556.7804548779,,
1027648.3038354035,,
1027671.7787681847,,
1027680.0990487594,,
1027700.6146551209,,
1027964.7462256526,,
1028015.714023735,,
1028047.683719101,,
1028059.7901731568,,
1028143.5847200776,,
1028216.3011812592,,
1028316.8209115524,,
1028342.0116392212,,
1028372.1141091842,,
1028466.828212883,,
1028650.1388631897,,
1028661.697680893,,
1028699.691529873,,
1028781.2967562104,,
1028818.3275484467,,
1028831.44940625,,
1028906.9791902924,,
1029046.1765405197,,
1029103.0532613831,,
1029166.0975004273,,
1029180.3311867829,,
1029233.8278841401,,
1029311.6237588044,,
1029315.8301168518,,
1029364.3786196137,,
1029510.1458517151,,
1029550.0668204402,,
1029606.425621275,,
1029721.5623670655,,
1029810.5676863765,,
1030007.578980072,,
1030102.1970640259,,
1030153.2801766511,,
1030182.5832101364,,
1030260.837312994,,
1030371.0564828034,,
1030762.1031069184,,
1030828.1929208298,,
1030900.9464449311,,
1031059.3655531978,,
1031114.3669304963,,
1031245.7675356293,,
1031478.8941835786,,
1031493.3656954194,,
1031559.8290105896,,
1031586.3165823059,,
1031646.21954566,,
1031689.1689226666,,
1031798.5019279748,,
1031818.1408630639,,
1031838.0491051789,,
1031977.729976799,,
1032066.1658205414,,
1032208.0797914887,,
1032395.6281057434,,
1032419.8569071864,,
1032449.6122900086,,
1032501.3739649028,,
1032585.7783759212,,
1032714.4261038342,,
1032801.5566421776,,
1032840.2616554528,,
1032931.8075661774,,
1033090.9763036805,,
1033185.7021156579,,
1033198.1236826152,,
1033298.3493083095,,
1033365.7934450532,,
1033374.8627859192,,
1033399.6054197388,,
1033524.9147211284,,
1033671.7976953048,,
1033873.0269548931,,
1034004.1345400239,,
1034046.6155572053,,
1034168.4990724946,,
1034195.3186689453,,
1034379.9372735139,,
1034424.9962038422,,
1034513.5070244103,,
1034573.6188165207,,
1034602.2577783127,,
1034822.9071230317,,
1034923.4289956208,,
1034925.8785288372,,
1034985.3988344708,,
1035174.4505578537,,
1035611.1840157624,,
1035690.7320656892,,
1035896.3605733948,,
1036055.3405271607,,
1036105.7253298188,,
1036128.3741705989,,
1036152.4358560104,,
1036228.6414369965,,
1036298.4316561794,,
1036794.3469775295,,
1036903.057305935,,
1036992.6435128708,,
1037115.6308027344,,
1037154.6375318604,,
1037155.7707916527,,
1037472.20829068,,
1037606.8933585262,,
1037606.9593871211,,
1037607.1999154206,,
1037926.3369505977,,
1037981.3659063416,,
1038138.2666048432,,
1038267.6554313927,,
1038381.9588723298,,
1038414.8318200227,,
1038418.845924673,,
1038616.9826089401,,
1038654.8206734773,,
1038809.7760015564,,
1038871.4337411042,,
1039049.5734525757,,
1039126.6753066158,,
1039257.9697042542,,
1039400.5471071625,,
1039490.674431427,,
1039626.5740988826,,
1039626.7033236065,,
1039980.8829427796,,
1040184.5053542232,,
1040462.2063638229,,
1040476.742413147,,
1040549.4918923493,,
1040593.4539300461,,
1040825.3280731469,,
1040849.3126855012,,
1040888.9098189449,,
1040995.1835501766,,
1040999.8404677486,,
1041041.3577303315,,
1041391.8667986965,,
1041887.1830574303,,
1041901.2804445649,,
1041928.73409873,,
1042059.0612215424,,
1042150.6212809657,,
1042165.994186697,,
1042319.8773461838,,
1042588.7149987336,,
1042622.0469781418,,
1042658.8928533631,,
1042823.2127653199,,
1042834.3364718532,,
1042843.1065908509,,
1042949.2857232209,,
1042950.8674986934,,
1043360.9630628662,,
1043382.9027276154,,
1043542.1125465661,,
1043545.8737569886,,
1043603.1385093956,,
1043714.5672799606,,
1043728.8805200119,,
1043773.1776567668,,
1043778.1167999535,,
1043815.4384940242,,
1043930.9734245568,,
1044026.0126730042,,
1044110.9359985619,,
1044194.9509244995,,
1044342.8516717072,,
1044354.7199805354,,
1044394.0652376384,,
1044394.3761103725,,
1044521.8334029292,,
1044675.8463042354,,
1044727.1188675194,,
1044995.0590826111,,
1045051.7293054123,,
1045193.7141305465,,
1045390.0520669479,,
1045533.5306276703,,
1045567.6667791443,,
1045571.2021449184,,
1045953.2295172786,,
1045977.576601324,,
1046126.215736969,,
1046133.6976362305,,
1046138.1810534572,,
1046591.3247772484,,
1046743.7883477326,,
1046873.1740232544,,
1046991.5584608155,,
1047043.04334655,,
1047169.4044900056,,
1047187.6349464684,,
1047205.6465952968,,
1047530.6436859398,,
1047563.0545534516,,
1047591.6225991364,,
1047620.7474770661,,
1047675.3066536217,,
1047706.2204137879,,
1047868.7778412133,,
1047993.771999939,,
1048089.8871443843,,
1048141.796722992,,
1048258.5139849758,,
1048460.6719614238,,
1048641.8024498252,,
1048734.6028991966,,
1048818.6143534756,,
1048851.8152481345,,
1048856.7533898468,,
1049024.6453138427,,
1049070.6781657315,,
1049075.7873025055,,
1049211.988115799,,
1049337.8387533263,,
1049371.4788003082,,
1049394.450032833,,
1049501.6909125424,,
1049544.9901030636,,
1049561.4799047546,,
1049586.452366455,,
1049665.3817828274,,
1049747.7247185821,,
1049754.6648565368,,
1049793.1850334434,,
1049802.3508380032,,
1049985.0632500763,,
1050180.8227349778,,
1050219.4455285186,,
1050223.8753858642,,
1050338.3921285705,,
1050622.0058901883,,
1050691.1034509202,,
1050720.6882765866,,
1050849.632291439,,
1050875.177467642,,
1050891.5378728942,,
1050914.2938348313,,
1050917.8578010825,,
1050924.9444619676,,
1051364.6135717467,,
1051772.804859457,,
1051837.9290891723,,
1051924.7844444541,,
1051932.2528272704,,
1051936.0266882018,,
1052097.8982664184,,
1052148.5898987083,,
1052326.171105011,,
1052664.9018443204,,
1052665.4433175584,,
1052801.2874075011,,
1052852.2820036984,,
1052928.8088814048,,
1053045.3117852325,,
1053122.2519422607,,
1053553.5940116025,,
1053591.7179304198,,
1053600.1681905822,,
1053758.3049890061,,
1053952.0886386014,,
1054025.2578072662,,
1054116.0276075439,,
1054245.9494520263,,
1054282.3712237454,,
1054475.7369657592,,
1054516.9544874267,,
1054938.5330930785,,
1055092.2163203335,,
1055186.7832301236,,
1055604.6969686584,,
1055616.5267235069,,
1055995.4881631394,,
1056172.2556862945,,
1056184.4007497863,,
1056450.1393944053,,
1056458.4152313499,,
1056780.3535426236,,
1056859.7033885098,,
1056867.6297631378,,
1056891.7280164794,,
1056906.651470764,,
1057192.357456503,,
1057612.4855438499,,
1057749.8868105984,,
1057757.9059395904,,
1057778.0070764085,,
1057818.5512087918,,
1058017.338883026,,
1058168.0074257965,,
1058258.729633627,,
1058345.1718793944,,
1058466.0511019803,,
1058538.0951210288,,
1058544.296770584,,
1058545.7200018005,,
1058558.55878125,,
1058671.6495917416,,
1058784.8857522125,,
1058968.5107979889,,
1059040.6512876586,,
1059601.563227188,,
1059697.378552063,,
1059729.0333048077,,
1059791.1569305686,,
1059893.4430449582,,
1059990.8104568748,,
1060021.866478546,,
1060136.4507871703,,
1060162.4101339416,,
1060191.821436224,,
1060254.6919904784,,
1060326.0562689877,,
1060833.1233907775,,
1060883.1548562164,,
1061151.0013125516,,
1061623.2124906615,,
1061656.470269802,,
1061704.0694316006,,
1062008.8036085204,,
1062206.5490897275,,
1062227.7798467712,,
1062286.376976593,,
1062576.0724159507,,
1062676.155160549,,
1062761.6538260556,,
1062790.8040297604,,
1062932.468067749,,
1063246.976709011,,
1063396.1690679626,,
1063849.9638906554,,
1063949.1443296508,,
1064110.0584798888,,
1064112.309263525,,
1064118.3796181793,,
1064387.0764776305,,
1064624.7166763572,,
1064728.6928449706,,
1064735.974735405,,
1064842.508489254,,
1065515.7915855674,,
1065928.5851233578,,
1066236.9890495567,,
1066344.8944420929,,
1066516.1132789878,,
1066542.3369833068,,
1066850.3853508262,,
1067052.266754446,,
1067217.999618826,,
1067283.33704978,,
1067324.707706747,,
1067685.8008905621,,
1067804.6347852782,,
1068283.0876962205,,
1068432.383831604,,
1068480.5518515683,,
1068957.991934416,,
1069393.8993860455,,
1069833.986543951,,
1070133.6854516526,,
1070377.3621695614,,
1070733.1165624694,,
1070797.0256922818,,
1070977.2531763287,,
1071784.9771295758,,
1071932.517856743,,
1072483.4098094082,,
1072545.1624434567,,
1072840.4609796067,,
1072863.0586725445,,
1072885.7606607648,,
1072907.0956900693,,
1072958.765205679,,
1073038.4270330505,,
1073557.9313204861,,
1074220.8693621731,,
1074263.62721282,,
1074871.4963952561,,
1075212.8892520047,,
1075403.6260262986,,
1075907.6464959641,,
1075954.5095068053,,
1076272.813076599,,
1076945.3061316586,,
1077185.5539899901,,
1077260.9546664334,,
1078510.4982763366,,
1078545.6513655758,,
1079167.1710169888,,
1079215.838642416,,
1079628.3283026791,,
1080429.2723582364,,
1081840.54193717,,
1081875.9269679165,,
1082091.4686282254,,
1082494.4001277066,,
1082653.6222689725,,
1083259.8739989377,,
1083594.5272544003,,
1083784.7871347638,,
1084686.3980811215,,
1085584.3179441527,,
1086713.2215655423,,
1086730.2752195434,,
1087424.0492575741,,
1087558.9691813565,,
1088135.9693339444,,
1089770.5424655057,,
1091572.453903494,,
1091602.2823088742,,
1091764.7491896725,,
1092251.5017836667,,
1092736.2084410763,,
1093012.027548132,,
1093939.333389578,,
1094113.367752371,,
1094462.107658682,,
1095606.0571997738,,
1095886.1568091488,,
1098106.1791556454,,
1101708.2283518887,,
1102297.5394557095,,
1102428.2870905972,,
1103804.889570532,,
1104477.4443057156,,
1105049.3580573178,,
1106386.233917532,,
1106506.4060366726,,
1107342.734453497,,
1108677.1361430264,,
1108942.4275000668,,
2021-07-01,1006010.3937704427,1000000.0
2021-07-02,1019929.802428981,1004412.4958381193
2021-07-06,1025768.1978799674,998378.4455635028
2021-07-07,1035887.7938142922,1001393.3841210605
2021-07-08,1025837.1038879312,993890.2689138867
2021-07-09,1034996.9339320584,1006832.3644084083
2021-07-12,1033618.1620799744,1010471.0211292704
2021-07-13,1037905.4541225083,1007370.2508316995
2021-07-14,1049224.2245257858,1008653.4409843062
2021-07-15,1050706.467218055,1010206.5330473628
2021-07-16,1043345.3948882566,1001568.4312439264
2021-07-19,1021278.0306428182,980611.5009568942
2021-07-20,1040143.1833340192,996490.598435584
2021-07-21,1040775.8934090373,1004748.8299363063
2021-07-22,1048925.5987925981,1005480.8246704559
2021-07-23,1061552.1276672203,1012358.5298929054
2021-07-26,1060230.5734873551,1014748.0584657391
2021-07-27,1050563.2527344108,1012271.0063314724
2021-07-28,1040376.2787445653,1008587.0087965692
2021-07-29,1045475.5098653482,1013022.0622536143
2021-07-30,1045166.5484863363,1008718.0685625292
2021-08-02,1041662.3655550678,1005908.4043371984
2021-08-03,1051844.110234327,1013942.1875296069
2021-08-04,1050667.5241136365,1004594.9869752309
2021-08-05,1053211.1598953814,1012436.4664662948
2021-08-06,1051125.4995415937,1016601.8435890796
2021-08-09,1047226.826759681,1013522.1646652044
2021-08-10,1044568.5815124883,1018223.3980255768
2021-08-11,1044811.4879810351,1024584.1954103365
2021-08-12,1052253.7697678297,1025013.9180508773
2021-08-13,1054768.3774746554,1025462.2507270321
2021-08-16,1066512.077260257,1028638.9274122891
2021-08-17,1055627.5245292466,1020493.145641913
2021-08-18,1042659.948127002,1009446.341289556
2021-08-19,1048676.4714139525,1007524.2065808696
2021-08-20,1059297.0985012953,1014048.4339147484
2021-08-23,1064735.7718673605,1020274.56231452
2021-08-24,1061790.9226692126,1021156.678002622
2021-08-25,1055619.4367010253,1022289.6344131816
2021-08-26,1051524.9999169162,1016734.9335407432
2021-08-27,1057331.5443370766,1023742.0067077336
2021-08-30,1071642.345110513,1022126.2044640627
2021-08-31,1064701.5937638173,1020996.9700606258
2021-09-01,1068250.9998992754,1019605.277760985
2021-09-02,1071844.1772443973,1023396.085621503
2021-09-03,1076417.7930610685,1021238.3365831344
2021-09-07,1081727.306968459,1013468.7031083496
2021-09-08,1076104.5146548308,1011478.4443905067
2021-09-09,1071879.4728407988,1007098.5443117355
2021-09-10,1050590.9477440435,999254.6962706842
2021-09-13,1056255.3900356528,1006817.0252275388
2021-09-14,1049087.8615922811,998384.1977563291
2021-09-15,1054901.0354931303,1005222.0887813743
2021-09-16,1057457.5235977196,1003401.0122054764
2021-09-17,1048639.3178899032,998595.2242813819
2021-09-20,1031427.4489502406,980854.897665106
2021-09-21,1034647.2148355555,979393.051170605
2021-09-22,1043782.9228726807,989166.2523583991
2021-09-23,1056820.5703220924,1003790.8078605182
2021-09-24,1059677.951729379,1004748.8299363063
2021-09-27,1052852.0120606027,1006809.5812132931
2021-09-28,1029778.656468525,990369.3629638185
2021-09-29,1035079.8451161669,992989.0920377922
2021-09-30,1020410.7491068766,977201.0145514688
2021-10-01,1031317.95041437,991133.7278811268
2021-10-04,1012194.5153820429,981791.941155293
2021-10-05,1023208.0075495732,990793.333411533
2021-10-06,1029051.3722354099,993747.5919741796
2021-10-07,1043635.8601651845,1003505.5667691985
2021-10-08,1041374.4944905345,1003254.6132586466
2021-10-11,1038696.9806367235,996030.6485856824
2021-10-12,1036855.3679316866,992631.6665659093
2021-10-13,1037616.5651982988,992616.3273850395
2021-10-14,1059949.515391583,1008056.5663875237
2021-10-15,1073571.0468803449,1019092.2047185125
2021-10-18,1080229.1668338918,1018048.3509027107
2021-10-19,1089669.0070071197,1023785.5429122609
2021-10-20,1093820.8624544744,1028175.2555552648
2021-10-21,1101375.5697145588,1027994.4562395726
2021-10-22,1104368.3806242119,1030129.4220828261
2021-10-25,1109345.2038006214,1031981.0642323688
2021-10-26,1111641.240670549,1032435.2618894441
2021-10-27,1103905.4452919858,1024749.4299689697
2021-10-28,1114265.9178153444,1031673.039945934
2021-10-29,1110456.7844940543,1034245.059655879
2021-11-01,1103600.107011406,1036967.3131078713
2021-11-02,1105353.3307873902,1040974.6741100794
2021-11-03,1113467.465318694,1044004.9518485066
2021-11-04,1116622.4535635402,1043042.0798846494
2021-11-05,1119649.9128788908,1048924.204595799
2021-11-08,1121449.4603328789,1051934.8572057607
2021-11-09,1121398.008216625,1048694.1168827538
2021-11-10,1105666.1022990556,1041763.2884677331
2021-11-11,1102496.3812291124,1037180.7081829116
2021-11-12,1115187.9623584584,1042351.3655931344
2021-11-15,1110641.770951347,1041980.0671856123
2021-11-16,1128260.0692979423,1043561.4690604211
2021-11-17,1132349.3711266,1037464.2574528117
2021-11-18,1149150.7932849731,1035728.8998288327
2021-11-19,1154049.889566463,1027962.7627849816
2021-11-22,1150085.2395496422,1028461.3989513414
2021-11-23,1153554.3355322878,1034078.8100043943
2021-11-24,1159894.1281886296,1033806.7651201463
2021-11-26,1129293.27958993,1007674.8914752953
2021-11-29,1151503.530950021,1014506.4663670413
2021-11-30,1153833.9699749374,995674.3509947459
2021-12-01,1137918.3328731512,982343.9260904128
2021-12-02,1148278.8256517013,1000180.6865275975
2021-12-03,1142394.5622585102,998456.6077130815
2021-12-06,1164608.5010364444,1017136.571945721
2021-12-07,1190420.7327552768,1031353.9624262253
2021-12-08,1201077.634466685,1032373.7923778709
2021-12-09,1201161.2438540845,1032372.1005564512
2021-12-10,1222147.871210096,1038617.4029323101
2021-12-13,1203286.7558179002,1029376.6743392647
2021-12-14,1192792.4497333108,1026293.8373487398
2021-12-15,1219419.7170725425,1037359.7028890895
2021-12-16,1190824.0893396735,1036499.5808794404
2021-12-17,1176860.020765402,1021132.9925027497
2021-12-20,1167289.6204260786,1008622.5370463775
2021-12-21,1186792.9049119642,1024807.4030496097
2021-12-22,1201637.6968274545,1032348.9789970522
2021-12-23,1204456.7227529613,1038027.5211973946
2021-12-27,1225383.0773586854,1048185.8937283504
2021-12-28,1223680.1805368732,1050952.924053911
2021-12-29,1227999.6553566116,1053563.6300803141
2021-12-30,1223272.0680432343,1050949.0892586934
2021-12-31,1222121.7429578372,1049223.0930465688
2022-01-03,1233934.3715890127,1056347.916984353
2022-01-04,1222946.1132380692,1062543.9309628585
2022-01-05,1194533.4759598353,1051209.8553334784
2022-01-06,1177061.185254382,1046282.8202076564
2022-01-07,1163431.974373029,1046143.9780631667
2022-01-10,1158963.3638603184,1041443.6470075514
2022-01-11,1171847.473197692,1046731.8296123788
2022-01-12,1179007.010966247,1047837.7168802271
2022-01-13,1160260.3914110262,1042735.7474196339
2022-01-14,1155322.6476477473,1036908.6632986637
2022-01-18,1137454.5623685601,1021220.4032760881
2022-01-19,1122501.244860013,1011408.515771836
2022-01-20,1109626.9463171032,1002363.5873110685
2022-01-21,1096577.952303462,989369.8348692064
2022-01-24,1103704.7911104162,992232.0583466348
2022-01-25,1090054.6445832734,990304.1714451223
2022-01-26,1089450.4755145733,986560.9601605381
2022-01-27,1089871.6224216688,986349.933635485
2022-01-28,1145226.6330307818,1002654.5805952143
2022-01-31,1165097.848152426,1014388.6028081528
2022-02-01,1166681.4561780253,1022282.0776108415
2022-02-02,1176784.585087949,1028752.3922354871
2022-02-03,1158706.246745543,1013790.9386947079
2022-02-04,1153739.075905152,1013172.4087837563
2022-02-07,1148775.09715122,1013212.5613454445
2022-02-08,1164718.120692182,1023943.5590328376
2022-02-09,1176648.6825825262,1032758.0614162757
2022-02-10,1149690.247819577,1017556.9331744075
2022-02-11,1127560.9466538406,1003018.0966242072
2022-02-14,1127612.304976773,998055.0820961983
2022-02-15,1147134.3101952684,1010259.0922994605
2022-02-16,1145040.7410230062,1008683.4426174777
2022-02-17,1121299.1610633067,990717.0886595631
2022-02-18,1112773.31642447,983993.7903386621
2022-02-22,1081449.7188661105,970060.1747042472
2022-02-23,1058265.0809870178,956638.278655169
2022-02-24,1073911.4527216614,959296.581257506
2022-02-25,1092993.8189112418,983403.9086037466
2022-02-28,1092270.9825112354,978606.5797867492
2022-03-01,1084012.2844052853,961350.1140964365
2022-03-02,1103150.1760337104,978570.4875964677
2022-03-03,1097594.415777443,975778.6438900885
2022-03-04,1088440.416310593,970585.4288609395
2022-03-07,1062143.0289946692,947560.8672231481
2022-03-08,1045746.5635166777,942226.7798638061
2022-03-09,1078284.077112385,961098.9350096952
2022-03-10,1065527.9673505588,957859.8865081077
2022-03-11,1048238.6130392785,951222.4199272201
2022-03-14,1037461.9240818747,951252.647136581
2022-03-15,1065424.8384052592,968550.9572100015
2022-03-16,1088383.6489774308,983529.5545411645
2022-03-17,1101339.6621271481,995588.9704071109
2022-03-18,1120594.2050457804,1003505.2284049146
2022-03-21,1115504.426803962,997674.4222768217
2022-03-22,1128302.392012443,1005022.0027015004
2022-03-23,1119515.667402691,992058.8158332829
2022-03-24,1136635.180447782,1002148.5004146091
2022-03-25,1135223.9000294073,1006574.7564002732
2022-03-28,1143238.664472418,1009307.7247212554
2022-03-29,1161320.1163820543,1019075.7376566966
2022-03-30,1151777.9447288064,1017187.8905287776
2022-03-31,1129484.908894739,1001294.1305977858
2022-04-01,1133081.096123596,1005334.0873593419
2022-04-04,1150069.9464172947,1008325.678781311
2022-04-05,1137912.9273285945,1000220.8390892857
2022-04-06,1121922.7589846277,996043.7320046595
2022-04-07,1126063.8708370123,998557.4402696808
2022-04-08,1127264.1639073014,1002529.047445891
2022-04-11,1105514.0327334832,990602.9471077974
2022-04-12,1107538.2264484721,988070.1776547837
2022-04-13,1121444.8002267696,998009.4029178731
2022-04-14,1100529.8096563208,994736.2924117072
2022-04-18,1095882.0888322773,993594.6513178612
2022-04-19,1113092.1919736422,1008017.3161305923
2022-04-20,1118951.1390008784,1015223.9114369834
2022-04-21,1105963.9575680054,1004597.5811014074
2022-04-22,1071583.3533824822,976261.9408755784
2022-04-25,1080941.263043271,983135.6985147161
2022-04-26,1047592.263268853,959768.7122216277
2022-04-27,1056420.3770347429,961551.6664215405
2022-04-28,1096698.5394074765,979293.4592830467
2022-04-29,1057562.987556622,952175.8176911285
2022-05-02,1059747.8416339646,954609.559197057
2022-05-03,1060490.8462220065,956552.4469151554
2022-05-04,1095851.0860409755,983470.566367673
2022-05-05,1041933.9148955962,952775.1736259928
2022-05-06,1040033.600475341,949928.2893294342
2022-05-09,1012598.1383137547,931054.3295740309
2022-05-10,1018464.6841888838,928601.2449098732
2022-05-11,987637.7432107838,919170.1864071398
2022-05-12,975247.4354292775,916172.8427923445
2022-05-13,1001634.8361544055,929638.3878340445
2022-05-16,996605.3289512196,930411.0426763082
2022-05-17,1015671.4661413635,942860.5361675328
2022-05-18,966511.4761290365,909236.4877606871
2022-05-19,957842.2284025993,902395.1566987556
2022-05-20,963831.0345573467,902648.3659712003
2022-05-23,986913.8323838599,920502.1574106741
2022-05-24,977961.4671973595,921899.037962668
2022-05-25,983882.2431639256,927432.9858256945
2022-05-26,1005291.6593847708,942358.1216000029
2022-05-27,1032097.7547262034,958982.804778245
2022-05-31,1020712.8504914492,952548.5823438809
2022-06-01,1021455.6972514493,947441.0862666509
2022-06-02,1042347.0327329608,960002.6347298905
2022-06-03,1018655.6772854585,949937.7635293831
2022-06-06,1021196.3211663864,950402.1121149752
2022-06-07,1033251.2253161669,958035.1592071629
2022-06-08,1027522.3821517288,950261.1269966876
2022-06-09,1005904.676848697,931836.5150102908
2022-06-10,973503.2598898271,906427.6130520188
2022-06-13,938655.0847609683,881132.7962514651
2022-06-14,935591.8090539675,876746.5800393947
2022-06-15,948942.0814103929,885515.516032602
2022-06-16,918044.6035850599,864106.813032529
2022-06-17,921198.8978332457,863001.2077349173
2022-06-21,948500.8763263514,881522.8738767434
2022-06-22,949581.9521597393,880162.3674852677
2022-06-23,970588.083233338,885770.4735205134
2022-06-24,994170.1366824876,909542.8202257026
2022-06-27,994623.407751637,907740.5228675606
2022-06-28,967207.7383532373,893555.7281464044
2022-06-29,978214.5941516776,895932.6244526394
2022-06-30,966368.6749671777,888602.1314242971
2022-07-01,979439.9874327725,897894.5733587303
2022-07-05,988205.7915094835,894157.1706610194
2022-07-06,996765.3542441842,896174.2729453844
2022-07-07,1011816.5805024485,906189.7429604438
2022-07-08,1015317.6593879629,904849.98957838
2022-07-11,1007603.6842782472,900105.7275599062
2022-07-12,1004968.6158785297,894547.2482862978
2022-07-13,998679.421273109,888525.8866723272
2022-07-14,1008872.7923112083,884407.9369433343
2022-07-15,1031511.4571498623,903409.4600337642
2022-07-18,1017038.5700758756,897182.8240875669
2022-07-19,1045250.8690334322,918966.3783201432
2022-07-20,1050910.434969861,920346.227869848
2022-07-21,1063262.732491358,925025.5239458148
2022-07-22,1056960.0721828577,921052.1685541378
2022-07-25,1054820.36969846,923672.4615685847
2022-07-26,1042269.3169590187,917074.8091851015
2022-07-27,1063331.1773639494,929665.2314005664
2022-07-28,1070297.096852902,939252.5014143627
2022-07-29,1089019.6931332946,948362.1138474004
2022-08-01,1085115.2213121501,947012.8298713404
2022-08-02,1074802.1631290978,935398.9833732302
2022-08-03,1102638.2807495603,947419.9948929551
2022-08-04,1102486.9753507113,944946.1008253382
2022-08-05,1104365.7102840634,947159.2288181703
2022-08-08,1103463.2857695485,947998.5978184076
2022-08-09,1094624.144059823,946320.1981822168
2022-08-10,1115743.3614058576,961770.5881132176
2022-08-11,1110176.887729019,962554.8037351808
2022-08-12,1129751.8429269257,974808.2151238909
2022-08-15,1136232.3583071681,979179.4305193756
2022-08-16,1144049.5072473485,986096.7243630405
2022-08-17,1145025.7110993501,981139.3492397631
2022-08-18,1143645.924351802,981679.8297892306
2022-08-19,1131149.8315837886,973240.0094561538
2022-08-22,1106910.8843522752,954670.4647681573
2022-08-23,1098052.8739445908,950223.3429849866
2022-08-24,1101569.5835332947,951945.3916137991
2022-08-25,1111790.5290808552,961258.6429516915
2022-08-26,1072610.3499597553,932142.9038693535
2022-08-29,1062701.4378570886,926818.2907099605
2022-08-30,1049910.2921871678,917921.6785936317
2022-08-31,1038758.0524057983,909824.3393098993
2022-09-01,1045444.6758235986,914039.6251645578
2022-09-02,1033764.5837207389,904280.8608528766
2022-09-06,1028520.653191355,899281.6977405386
2022-09-07,1041517.9777882304,911870.033376253
2022-09-08,1042417.2915699362,917449.6040235574
2022-09-09,1055502.254760814,928340.5352291358
2022-09-12,1077357.7529666622,934970.783371967
2022-09-13,1021804.4480915412,898117.21705753
2022-09-14,1024611.3705679445,898986.8696611755
2022-09-15,1013657.5984923487,893983.9281476676
2022-09-16,1007902.7497338033,889958.9158086501
2022-09-19,1024052.7095578758,895654.5454053289
2022-09-20,1024352.4239360478,886604.0903279247
2022-09-21,1004961.9371142024,871518.9646413835
2022-09-22,1002879.9761679447,868426.5970568623
2022-09-23,992930.1610650884,854386.1710968327
2022-09-26,987108.07638634,844869.3936421801
2022-09-27,991025.0245080199,841236.4891141442
2022-09-28,997366.7788694431,857080.9606477827
2022-09-29,969209.6722585602,843853.003727421
2022-09-30,947969.0310467964,829413.2515183534
2022-10-03,973755.6932730802,851512.6688099413
2022-10-04,997191.0111435009,875345.9210862305
2022-10-05,1001626.0527689558,874120.1964678378
2022-10-06,994247.59413673,864103.0346313588
2022-10-07,965009.966535252,845908.2283877709
2022-10-10,959649.069353242,843196.7461988156
2022-10-11,953560.7656975747,844245.1115384025
2022-10-12,949905.1794092888,843426.8339118611
2022-10-13,973980.8039424751,867330.5787472943
2022-10-14,954832.9685953772,855668.740914919
2022-10-17,977286.88176642,871577.8964208277
2022-10-18,986990.722650304,881336.6607325091
2022-10-19,980253.1969480134,878449.5674802148
2022-10-20,976922.9847713236,875844.5572525902
2022-10-21,1000415.9319651333,897470.151758637
2022-10-24,1015037.2679049086,909512.1982580104
2022-10-25,1031830.9683291469,919246.1491888731
2022-10-26,1025925.587360828,919314.5551682663
2022-10-27,1012121.4009406678,924920.9693820927
2022-10-28,1057885.3940994164,948843.4934352818
2022-10-31,1049189.6181966246,945123.0653458128
2022-11-01,1036940.3668408968,942820.3836058445
2022-11-02,1006498.1387460761,928226.4500714175
2022-11-03,979374.6718775557,923996.1634001731
2022-11-04,977974.6541057263,935602.5658840375
2022-11-07,988978.4813412486,947838.6643002221
2022-11-08,996345.290606196,957477.5348673116
2022-11-09,968845.7819229609,938799.4316382336
2022-11-10,1034400.2146850135,973489.2711452864
2022-11-11,1037935.8921103154,974427.329728325
2022-11-14,1026263.8329213632,968330.343696905
2022-11-15,1033586.9290885001,969953.7027429163
2022-11-16,1032076.7319159464,968824.919491858
2022-11-17,1035688.8421159661,968608.1407739789
2022-11-18,1043622.1300509417,974364.7323358053
2022-11-21,1026995.8992671939,973053.5707357302
2022-11-22,1044908.797246944,984540.1358690503
2022-11-23,1050314.6407271537,987310.7754136391
2022-11-25,1048763.3370849462,991727.669987449
2022-11-28,1029049.5108129354,977360.9480696543
2022-11-29,1014896.2380278216,977449.5995120336
2022-11-30,1057703.4521704633,998736.4349758589
2022-12-01,1051257.462232046,993113.0461537906
2022-12-02,1050423.4261213322,994119.792686459
2022-12-05,1034943.5023487763,980180.1992830287
2022-12-06,1020928.8788026773,970052.3923257176
2022-12-07,1016482.1892960367,970098.0715040428
2022-12-08,1027308.3816763121,975398.0968588064
2022-12-09,1019808.0663009735,966591.038489614
2022-12-12,1038414.3484552613,981853.0723025824
2022-12-13,1041711.3721426664,984844.4381483623
2022-12-14,1034776.349101034,980736.0190133658
2022-12-15,1001662.9527819451,958672.6375180122
2022-12-16,989471.0175077145,950537.2322523422
2022-12-19,977883.9755934674,945833.0664015093
2022-12-20,974945.3642158485,948495.2037990639
2022-12-21,994691.1028524551,963704.2272075563
2022-12-22,981734.9305658224,953627.5132571126
2022-12-23,984251.7389223715,958722.0387034602
2022-12-27,980509.0301728754,959808.5264190321
2022-12-28,962669.9018749916,949245.1318402597
2022-12-29,980542.8268488671,959209.1704841678
2022-12-30,978672.2902847333,957085.4834503772
2023-01-03,960578.7389391996,956771.3686068325
2023-01-04,965709.9650050028,960623.0820384509
2023-01-05,950980.7214324952,950814.9165413214
2023-01-06,971867.9061874668,971041.8822799076
2023-01-09,976727.6618444576,967780.276159394
2023-01-10,980131.4840624304,973163.8774922785
2023-01-11,996595.7774742654,980928.3227147101
2023-01-12,1000392.1600886971,987192.6862785614
2023-01-13,1002722.7847410731,990445.0437753153
2023-01-17,1001674.395865249,979133.5257648613
2023-01-18,990205.419989675,961408.199965171
2023-01-19,986291.7664343908,954120.3972306462
2023-01-20,1001977.3227681054,963675.5790315203
2023-01-23,1013795.0053675813,971011.5422824521
2023-01-24,1020790.8589999771,974026.0296876311
2023-01-25,1019843.0289583596,974311.2707789507
2023-01-26,1027783.7650385373,980246.857046955
2023-01-27,1035835.1142402216,981074.6088734454
2023-01-30,1024016.3716217844,973538.8979069236
2023-01-31,1041355.8403186732,984191.8462328325
2023-02-01,1048709.4686675211,984391.7067365171
2023-02-02,1061872.0735184727,983265.0664592569
2023-02-03,1066801.1929665024,979571.2563601206
2023-02-06,1056865.613113985,978560.9006084241
2023-02-07,1065805.258299502,986231.8445004073
2023-02-08,1055760.3538022211,980235.3526613028
2023-02-09,1051600.2180751623,973041.9535619834
2023-02-10,1053153.893000668,977932.8964975235
2023-02-13,1069602.0504364893,988808.4885222324
2023-02-14,1063705.3208188508,984285.1219870916
2023-02-15,1071274.9460566833,985404.8821905794
2023-02-16,1061545.24078281,972954.542788645
2023-02-17,1058629.0254413795,976703.5062660554
2023-02-21,1026049.533224806,956575.5684745546
2023-02-22,1026879.9564395989,954135.736411516
2023-02-23,1032204.0935499165,957277.7871517217
2023-02-24,1017447.2538585528,947547.6710160763
2023-02-27,1021179.0645297086,949631.4310643678
2023-02-28,1017009.0745454064,942921.441738633
2023-03-01,1007533.2009926926,943069.8708711662
2023-03-02,1019774.1132855912,952936.9117536924
2023-03-03,1041470.6334454021,964122.5582505394
2023-03-06,1050903.356775752,965291.155699002
2023-03-07,1034820.3365977537,948689.3121099224
2023-03-08,1038468.4839988516,947012.8298713404
2023-03-09,1024016.6339539071,931318.8176559386
2023-03-10,1011348.220577104,921351.0570049076
2023-03-13,1018811.1556357826,918737.9824285171
2023-03-14,1030556.7924556031,928447.0635845138
2023-03-15,1032352.1517768947,920338.4454913185
2023-03-16,1045987.8362898536,931078.9173786603
2023-03-17,1042461.2413776411,919974.9294623256
2023-03-20,1053741.106714069,931022.0157849194
2023-03-21,1065073.3077977202,940146.6854285903
2023-03-22,1051432.2365071028,924829.4418433002
2023-03-23,1055343.3910780102,926999.0336316052
2023-03-24,1061503.754524814,930818.4332741121
2023-03-27,1056930.426361759,936435.8443271648
2023-03-28,1050657.2251871016,935343.5480247196
2023-03-29,1063018.1905385556,944679.8645279638
2023-03-30,1069918.4546772745,948763.526676189
2023-03-31,1087891.4891281936,960749.5174925311
2023-04-03,1102203.418554541,970191.2344702072
2023-04-04,1098677.5611309642,964452.0122749539
2023-04-05,1094520.8943162926,966771.7250172114
2023-04-06,1096543.1830020538,966845.939583478
2023-04-10,1091325.6092800547,969768.8430558174
2023-04-11,1091699.2280329345,972606.2531524273
2023-04-12,1088042.35529468,971500.7042488629
2023-04-13,1112144.9766070202,982564.8779677931
2023-04-14,1105925.9959558963,978429.5024781801
2023-04-17,1106100.5530748356,981337.4051339336
2023-04-18,1112190.6587666168,981032.7644903377
2023-04-19,1106559.0100630554,978733.9175455867
2023-04-20,1105194.6469338324,975546.5259913397
2023-04-21,1100291.9116275245,976191.5611045293
2023-04-24,1102342.5052443298,978109.8610179982
2023-04-25,1091736.834234996,968160.8231906759
2023-04-26,1083075.6678448305,961549.974600121
2023-04-27,1106423.8981880343,976688.1670851856
2023-04-28,1117909.2154351333,984541.8276904697
2023-05-01,1117331.7460878643,983200.3260929391
2023-05-02,1106829.4797090555,972598.8091381816
2023-05-03,1100123.0851388206,964794.436930251
2023-05-04,1088852.617034743,956522.1069176999
2023-05-05,1123220.757127919,972305.6728802379
2023-05-08,1121681.7035284399,970697.7658031911
2023-05-09,1118434.9609873882,969055.3455691874
2023-05-10,1122934.4727400679,968175.2600667885
2023-05-11,1121346.008953357,961770.5881132176
2023-05-12,1120192.0039463667,961513.8824098394
2023-05-15,1116955.598450927,962899.2585761813
2023-05-16,1108886.97798734,953184.3688333109
2023-05-17,1121956.4433341047,964983.0186244724
2023-05-18,1131015.5429783284,968307.5605017897
2023-05-19,1126290.4470428047,965152.2007664177
2023-05-22,1121897.0566081002,961108.4092096442
2023-05-23,1110897.6103357894,954436.655047989
2023-05-24,1109638.6040452586,947056.8172282461
2023-05-25,1110210.638210426,946038.3971277835
2023-05-26,1125841.5789892054,955528.8949563871
2023-05-30,1129908.8285634536,954069.0786475895
2023-05-31,1129658.2299517288,950185.2206090016
2023-06-01,1142089.2954809025,954611.5893827603
2023-06-02,1154021.5086200852,974857.616309339
2023-06-05,1144789.4325282369,969085.6855666429
2023-06-06,1143162.7519025223,969386.604203116
2023-06-07,1136006.0126774232,972035.4326055043
2023-06-08,1147389.9983113655,976903.2539816453
2023-06-09,1150102.2051215237,978149.7880034973
2023-06-12,1161329.058451307,983622.717507329
2023-06-13,1155797.079575601,987832.3075632087
2023-06-14,1146546.3465530972,981110.7010637271
2023-06-15,1159817.227709712,993489.7583898552
2023-06-16,1153952.5043241237,990344.3240068106
2023-06-20,1158956.346832263,983263.0362735535
2023-06-21,1155907.4479195685,980307.7626180553
2023-06-22,1168526.3780531378,980168.9204735656
2023-06-23,1165475.1791002427,973837.4479934096
2023-06-26,1164118.4017208226,973470.2099572939
2023-06-27,1179155.5456988076,979592.2349457219
2023-06-28,1176537.567608432,977453.3215191565
2023-06-29,1181642.6035642326,985242.3545462175
2023-06-30,1199446.7678223401,993476.5621827835
2023-07-03,1193411.5237749643,993790.3386620445
2023-07-05,1188819.8443740644,990041.713548918
2023-07-06,1182090.4941772397,979462.9797892758
2023-07-07,1174341.793924637,974052.5348898692
2023-07-10,1175488.8020913592,980102.1499215446
2023-07-11,1180669.3450651085,989255.8061055354
2023-07-12,1186889.7006549477,991739.1743731012
2023-07-13,1187719.1044063028,993116.7681609135
2023-07-14,1202148.2270730422,996405.217847949
2023-07-17,1213479.1616378606,998608.8716408323
2023-07-18,1218534.5890039406,1009193.3575933005
2023-07-19,1228624.3243153917,1012348.7173286728
2023-07-20,1218614.6241572432,1017083.1103888663
2023-07-21,1216894.1573432337,1017155.6331337135
2023-07-24,1222766.0076608774,1022455.3201241932
2023-07-25,1225493.3312075392,1023230.0615462075
2023-07-26,1228588.6691105438,1025599.1754739131
2023-07-27,1221627.9676965799,1018744.4790227677
2023-07-28,1230779.491655702,1023842.7264762382
2023-07-31,1236660.1471226264,1026737.0945606362
2023-08-01,1232875.1362419722,1028791.4169162291
2023-08-02,1218400.8959551966,1018738.7268299417
2023-08-03,1213954.860608184,1016814.900299836
2023-08-04,1183264.7399554239,1012476.05508751
2023-08-07,1181025.5673125493,1024242.3346955128
2023-08-08,1177961.7633562759,1019661.7845963946
2023-08-09,1169768.152846152,1014143.1759142376
2023-08-10,1171565.798137228,1015667.3942250691
2023-08-11,1174447.179915602,1018706.3566467828
2023-08-14,1182607.3160974213,1019463.7287022241
2023-08-15,1173068.1422310704,1009033.4240751151
2023-08-16,1168707.360808345,1003817.3130627561
2023-08-17,1150982.8520329872,995417.6452913678
2023-08-18,1155033.187380107,996163.5129611567
2023-08-21,1158676.1524705878,995096.0864335772
2023-08-22,1160261.6865146281,990047.1273774602
2023-08-23,1172935.0968011087,995364.2965226077
2023-08-24,1152781.0584384056,984578.2582450353
2023-08-25,1163483.347777905,991723.8351922315
2023-08-28,1172652.7796895108,997876.3129662096
2023-08-29,1188695.1150592268,1006327.4121087493
2023-08-30,1202520.1564116604,1007412.0952148071
2023-08-31,1198962.9014328788,1002551.8306410064
2023-09-01,1206779.7937705792,1005895.4337063159
2023-09-05,1203318.0835919082,1000243.6222844011
2023-09-06,1181710.3585941026,994504.1745129585
2023-09-07,1170467.6668750062,996165.54314686
2023-09-08,1172605.6936824839,998355.8879445769
2023-09-11,1175431.097473667,1000871.6263953014
2023-09-12,1163517.1604774045,1000359.6812337753
2023-09-13,1156195.4736113509,998325.3223709321
2023-09-14,1161868.6394327702,1007899.2269955147
2023-09-15,1153666.034920301,999558.434609523
2023-09-18,1161464.5902275087,999733.4817323891
2023-09-19,1160450.9437485882,996656.3969346903
2023-09-20,1149885.126340251,994437.4039609374
2023-09-21,1141479.2733226842,983740.9194305013
2023-09-22,1143630.4753956585,980663.4962685186
2023-09-25,1148760.7855148315,981906.1954951532
2023-09-26,1128458.2199995897,970703.1796317333
2023-09-27,1122561.4406190305,968722.16953765
2023-09-28,1128269.8066833885,972073.5549814892
